{"cameraMode":{"drawMode":0,"name":"Shaded","section":"Shading Mode"},"sceneLighting":false,"audioPlay":false,"sceneViewState":{"m_AlwaysRefresh":false,"showFog":true,"showSkybox":false,"showFlares":true,"showImageEffects":true,"showParticleSystems":true,"showVisualEffectGraphs":true,"m_FxEnabled":true},"in2DMode":false,"pivot":{"x":-0.0655968189239502,"y":2.7809107303619386,"z":0.06852173805236817},"rotation":{"x":-0.14691485464572907,"y":0.6515452861785889,"z":-0.1301402747631073,"w":-0.7331317067146301},"size":3.3407845497131349,"orthographic":false}