{"cameraMode":{"drawMode":0,"name":"Shaded","section":"Shading Mode"},"sceneLighting":false,"audioPlay":false,"sceneViewState":{"m_AlwaysRefresh":false,"showFog":true,"showSkybox":false,"showFlares":true,"showImageEffects":true,"showParticleSystems":true,"showVisualEffectGraphs":true,"m_FxEnabled":true},"in2DMode":false,"pivot":{"x":-1.236118197441101,"y":0.7775688767433167,"z":-0.05995583534240723},"rotation":{"x":-0.011077266186475754,"y":-0.9853484630584717,"z":0.15497314929962159,"w":-0.07048080116510391},"size":0.8660253882408142,"orthographic":false}