{"cameraMode":{"drawMode":0,"name":"Shaded","section":"Shading Mode"},"sceneLighting":false,"audioPlay":false,"sceneViewState":{"m_AlwaysRefresh":false,"showFog":true,"showSkybox":false,"showFlares":true,"showImageEffects":true,"showParticleSystems":true,"showVisualEffectGraphs":true,"m_FxEnabled":true},"in2DMode":false,"pivot":{"x":0.16241109371185304,"y":1.8255256414413453,"z":-0.007611751556396484},"rotation":{"x":-0.14691485464572907,"y":0.6515452861785889,"z":-0.1301402747631073,"w":-0.7331317067146301},"size":2.3886072635650636,"orthographic":false}