{"cameraMode":{"drawMode":0,"name":"Shaded","section":"Shading Mode"},"sceneLighting":false,"audioPlay":false,"sceneViewState":{"m_AlwaysRefresh":false,"showFog":true,"showSkybox":false,"showFlares":true,"showImageEffects":true,"showParticleSystems":true,"showVisualEffectGraphs":true,"m_FxEnabled":true},"in2DMode":false,"pivot":{"x":0.028796732425689698,"y":0.38929101824760439,"z":-0.042423367500305179},"rotation":{"x":-0.14691485464572907,"y":0.6515452861785889,"z":-0.1301402747631073,"w":-0.7331317067146301},"size":0.7086853384971619,"orthographic":false}