{"cameraMode":{"drawMode":0,"name":"Shaded","section":"Shading Mode"},"sceneLighting":true,"audioPlay":false,"sceneViewState":{"m_AlwaysRefresh":false,"showFog":true,"showSkybox":true,"showFlares":true,"showImageEffects":true,"showParticleSystems":true,"showVisualEffectGraphs":true,"m_FxEnabled":true},"in2DMode":false,"pivot":{"x":0.7433757781982422,"y":4.6192522048950199,"z":2.2625653743743898},"rotation":{"x":0.13192377984523774,"y":-0.865483283996582,"z":0.30372217297554018,"w":0.3759414553642273},"size":0.585846483707428,"orthographic":false}