{"cameraMode":{"drawMode":0,"name":"Shaded","section":"Shading Mode"},"sceneLighting":true,"audioPlay":false,"sceneViewState":{"m_AlwaysRefresh":false,"showFog":true,"showSkybox":true,"showFlares":true,"showImageEffects":true,"showParticleSystems":true,"showVisualEffectGraphs":true,"m_FxEnabled":true},"in2DMode":false,"pivot":{"x":-21.856966018676759,"y":0.971110463142395,"z":-7.982751369476318},"rotation":{"x":-0.24888348579406739,"y":0.016482843086123468,"z":-0.004011399578303099,"w":-0.9686396718025208},"size":0.3082315921783447,"orthographic":false}