{"cameraMode":{"drawMode":0,"name":"Shaded","section":"Shading Mode"},"sceneLighting":false,"audioPlay":false,"sceneViewState":{"m_AlwaysRefresh":false,"showFog":true,"showSkybox":true,"showFlares":true,"showImageEffects":true,"showParticleSystems":true,"showVisualEffectGraphs":true,"m_FxEnabled":true},"in2DMode":false,"pivot":{"x":-2.7351887226104738,"y":1.966563105583191,"z":2.3132987022399904},"rotation":{"x":0.012562833726406098,"y":0.9429696202278137,"z":-0.3309018909931183,"w":0.03498997911810875},"size":0.7756932377815247,"orthographic":false}