{"cameraMode":{"drawMode":0,"name":"Shaded","section":"Shading Mode"},"sceneLighting":true,"audioPlay":false,"sceneViewState":{"m_AlwaysRefresh":false,"showFog":true,"showSkybox":true,"showFlares":true,"showImageEffects":true,"showParticleSystems":true,"showVisualEffectGraphs":true,"m_FxEnabled":true},"in2DMode":false,"pivot":{"x":1.7052435874938965,"y":3.962770700454712,"z":2.0024850368499758},"rotation":{"x":0.13192377984523774,"y":-0.865483283996582,"z":0.30372217297554018,"w":0.3759414553642273},"size":1.7065068483352662,"orthographic":false}