{"cameraMode":{"drawMode":0,"name":"Shaded","section":"Shading Mode"},"sceneLighting":true,"audioPlay":false,"sceneViewState":{"m_AlwaysRefresh":false,"showFog":true,"showSkybox":true,"showFlares":true,"showImageEffects":true,"showParticleSystems":true,"showVisualEffectGraphs":true,"m_FxEnabled":true},"in2DMode":false,"pivot":{"x":-1.2306843996047974,"y":-2.8427979946136476,"z":-0.4776482582092285},"rotation":{"x":0.031084274873137475,"y":0.9559657573699951,"z":-0.10737847536802292,"w":0.2720857560634613},"size":0.7756933569908142,"orthographic":false}