{"cameraMode":{"drawMode":0,"name":"Shaded","section":"Shading Mode"},"sceneLighting":false,"audioPlay":false,"sceneViewState":{"m_AlwaysRefresh":false,"showFog":true,"showSkybox":true,"showFlares":true,"showImageEffects":true,"showParticleSystems":true,"showVisualEffectGraphs":true,"m_FxEnabled":true},"in2DMode":false,"pivot":{"x":1.6139285564422608,"y":2.5454626083374025,"z":2.9636588096618654},"rotation":{"x":-0.03160431981086731,"y":0.833751380443573,"z":-0.046818364411592486,"w":-0.5497747659683228},"size":1.0371075868606568,"orthographic":false}