{"cameraMode":{"drawMode":0,"name":"Shaded","section":"Shading Mode"},"sceneLighting":false,"audioPlay":false,"sceneViewState":{"m_AlwaysRefresh":false,"showFog":true,"showSkybox":true,"showFlares":true,"showImageEffects":true,"showParticleSystems":true,"showVisualEffectGraphs":true,"m_FxEnabled":true},"in2DMode":false,"pivot":{"x":4.693750381469727,"y":3.8146214485168459,"z":1.5484853982925416},"rotation":{"x":0.24977810680866242,"y":-0.38358578085899355,"z":0.10795661062002182,"w":0.8828533291816711},"size":0.8829047679901123,"orthographic":false}