{"cameraMode":{"drawMode":0,"name":"Shaded","section":"Shading Mode"},"sceneLighting":true,"audioPlay":false,"sceneViewState":{"m_AlwaysRefresh":false,"showFog":true,"showSkybox":true,"showFlares":true,"showImageEffects":true,"showParticleSystems":true,"showVisualEffectGraphs":true,"m_FxEnabled":true},"in2DMode":false,"pivot":{"x":0.9454591274261475,"y":1.098024845123291,"z":0.7302377820014954},"rotation":{"x":0.037298645824193957,"y":-0.9521186947822571,"z":0.1293213814496994,"w":0.2745899260044098},"size":0.8660253882408142,"orthographic":false}