{"cameraMode":{"drawMode":0,"name":"Shaded","section":"Shading Mode"},"sceneLighting":false,"audioPlay":false,"sceneViewState":{"m_AlwaysRefresh":false,"showFog":true,"showSkybox":true,"showFlares":true,"showImageEffects":true,"showParticleSystems":true,"showVisualEffectGraphs":true,"m_FxEnabled":true},"in2DMode":false,"pivot":{"x":-4.3143696784973148,"y":16.469924926757814,"z":15.086254119873047},"rotation":{"x":0.09172991663217545,"y":0.8932598233222961,"z":-0.38565629720687868,"w":0.21321889758110047},"size":4.103125095367432,"orthographic":false}