{"cameraMode":{"drawMode":0,"name":"Shaded","section":"Shading Mode"},"sceneLighting":false,"audioPlay":false,"sceneViewState":{"m_AlwaysRefresh":false,"showFog":true,"showSkybox":true,"showFlares":true,"showImageEffects":true,"showParticleSystems":true,"showVisualEffectGraphs":true,"m_FxEnabled":true},"in2DMode":false,"pivot":{"x":0.30206745862960818,"y":3.724616050720215,"z":1.127221941947937},"rotation":{"x":0.012562833726406098,"y":0.9429696202278137,"z":-0.3309018909931183,"w":0.03498997911810875},"size":5.622418403625488,"orthographic":false}