{"cameraMode":{"drawMode":0,"name":"Shaded","section":"Shading Mode"},"sceneLighting":false,"audioPlay":false,"sceneViewState":{"m_AlwaysRefresh":false,"showFog":true,"showSkybox":true,"showFlares":true,"showImageEffects":true,"showParticleSystems":true,"showVisualEffectGraphs":true,"m_FxEnabled":true},"in2DMode":false,"pivot":{"x":-1.2894068956375123,"y":1.1995234489440919,"z":-2.1157045364379885},"rotation":{"x":0.17107757925987245,"y":-0.14945946633815766,"z":0.026583779603242875,"w":0.9735490083694458},"size":1.1275805234909058,"orthographic":false}