{"cameraMode":{"drawMode":0,"name":"Shaded","section":"Shading Mode"},"sceneLighting":false,"audioPlay":false,"sceneViewState":{"m_AlwaysRefresh":false,"showFog":true,"showSkybox":true,"showFlares":true,"showImageEffects":true,"showParticleSystems":true,"showVisualEffectGraphs":true,"m_FxEnabled":true},"in2DMode":false,"pivot":{"x":-0.8161294460296631,"y":3.9859354496002199,"z":2.8029794692993166},"rotation":{"x":0.004265896510332823,"y":0.9434096813201904,"z":-0.3321284353733063,"w":0.013013220392167569},"size":4.103125095367432,"orthographic":false}