{"cameraMode":{"drawMode":0,"name":"Shaded","section":"Shading Mode"},"sceneLighting":false,"audioPlay":false,"sceneViewState":{"m_AlwaysRefresh":false,"showFog":true,"showSkybox":true,"showFlares":true,"showImageEffects":true,"showParticleSystems":true,"showVisualEffectGraphs":true,"m_FxEnabled":true},"in2DMode":false,"pivot":{"x":-0.7571043968200684,"y":0.9687580466270447,"z":0.7319111824035645},"rotation":{"x":0.11492087692022324,"y":-0.7592949271202087,"z":0.13959136605262757,"w":0.6251304745674133},"size":1.1625462770462037,"orthographic":false}