{"cameraMode":{"drawMode":0,"name":"Shaded","section":"Shading Mode"},"sceneLighting":false,"audioPlay":false,"sceneViewState":{"m_AlwaysRefresh":false,"showFog":true,"showSkybox":true,"showFlares":true,"showImageEffects":true,"showParticleSystems":true,"showVisualEffectGraphs":true,"m_FxEnabled":true},"in2DMode":false,"pivot":{"x":5.0997796058654789,"y":6.575477600097656,"z":-6.7462029457092289},"rotation":{"x":-0.2329092174768448,"y":0.005317253991961479,"z":-0.0006445383769460022,"w":-0.9727874398231506},"size":0.8660253882408142,"orthographic":false}