{"cameraMode":{"drawMode":0,"name":"Shaded","section":"Shading Mode"},"sceneLighting":true,"audioPlay":false,"sceneViewState":{"m_AlwaysRefresh":false,"showFog":true,"showSkybox":true,"showFlares":true,"showImageEffects":true,"showParticleSystems":true,"showVisualEffectGraphs":true,"m_FxEnabled":true},"in2DMode":false,"pivot":{"x":0.6474412083625794,"y":-2.3698747158050539,"z":1.8955413103103638},"rotation":{"x":-0.19824734330177308,"y":0.6178117990493774,"z":-0.16452080011367799,"w":-0.7432448863983154},"size":0.8660253882408142,"orthographic":false}