{"cameraMode":{"drawMode":0,"name":"Shaded","section":"Shading Mode"},"sceneLighting":false,"audioPlay":false,"sceneViewState":{"m_AlwaysRefresh":false,"showFog":true,"showSkybox":true,"showFlares":true,"showImageEffects":true,"showParticleSystems":true,"showVisualEffectGraphs":true,"m_FxEnabled":true},"in2DMode":false,"pivot":{"x":8.537930488586426,"y":-0.38715028762817385,"z":1.7850592136383057},"rotation":{"x":-0.15935012698173524,"y":-0.5511566400527954,"z":0.10817689448595047,"w":-0.8118752837181091},"size":9.537958145141602,"orthographic":false}