{"cameraMode":{"drawMode":0,"name":"Shaded","section":"Shading Mode"},"sceneLighting":false,"audioPlay":false,"sceneViewState":{"m_AlwaysRefresh":false,"showFog":true,"showSkybox":true,"showFlares":true,"showImageEffects":true,"showParticleSystems":true,"showVisualEffectGraphs":true,"m_FxEnabled":true},"in2DMode":false,"pivot":{"x":-0.1327807754278183,"y":1.4328144788742066,"z":-0.6727041602134705},"rotation":{"x":-0.08702566474676132,"y":0.4122370481491089,"z":-0.03904019668698311,"w":-0.9063917398452759},"size":1.0371075868606568,"orthographic":false}