{"cameraMode":{"drawMode":0,"name":"Shaded","section":"Shading Mode"},"sceneLighting":false,"audioPlay":false,"sceneViewState":{"m_AlwaysRefresh":false,"showFog":true,"showSkybox":true,"showFlares":true,"showImageEffects":true,"showParticleSystems":true,"showVisualEffectGraphs":true,"m_FxEnabled":true},"in2DMode":false,"pivot":{"x":0.8046910762786865,"y":1.3126623630523682,"z":-0.19140338897705079},"rotation":{"x":-0.13705798983573914,"y":0.39828214049339297,"z":-0.06032294034957886,"w":-0.9049639701843262},"size":1.1275806427001954,"orthographic":false}