{"cameraMode":{"drawMode":0,"name":"Shaded","section":"Shading Mode"},"sceneLighting":true,"audioPlay":false,"sceneViewState":{"m_AlwaysRefresh":false,"showFog":true,"showSkybox":true,"showFlares":true,"showImageEffects":true,"showParticleSystems":true,"showVisualEffectGraphs":true,"m_FxEnabled":true},"in2DMode":false,"pivot":{"x":-2.4706225395202638,"y":-8.854212760925293,"z":-19.08612632751465},"rotation":{"x":0.006242096424102783,"y":-0.9879170656204224,"z":0.15032577514648438,"w":0.04228518158197403},"size":10.265786170959473,"orthographic":false}