{"cameraMode":{"drawMode":0,"name":"Shaded","section":"Shading Mode"},"sceneLighting":true,"audioPlay":false,"sceneViewState":{"m_AlwaysRefresh":false,"showFog":true,"showSkybox":true,"showFlares":true,"showImageEffects":true,"showParticleSystems":true,"showVisualEffectGraphs":true,"m_FxEnabled":true},"in2DMode":false,"pivot":{"x":-5.327773094177246,"y":0.7499997019767761,"z":-1.3698065280914307},"rotation":{"x":-0.026333723217248918,"y":0.32013022899627688,"z":-0.009532417170703411,"w":-0.9471262097358704},"size":0.7756931781768799,"orthographic":false}