{"cameraMode":{"drawMode":0,"name":"Shaded","section":"Shading Mode"},"sceneLighting":true,"audioPlay":false,"sceneViewState":{"m_AlwaysRefresh":false,"showFog":true,"showSkybox":true,"showFlares":true,"showImageEffects":true,"showParticleSystems":true,"showVisualEffectGraphs":true,"m_FxEnabled":true},"in2DMode":false,"pivot":{"x":0.21438457071781159,"y":-1.0901910066604615,"z":2.6835148334503176},"rotation":{"x":-0.05671005696058273,"y":-0.9417633414268494,"z":0.26063957810401919,"w":-0.20488646626472474},"size":8.425272941589356,"orthographic":false}