{"cameraMode":{"drawMode":0,"name":"Shaded","section":"Shading Mode"},"sceneLighting":false,"audioPlay":false,"sceneViewState":{"m_AlwaysRefresh":false,"showFog":true,"showSkybox":true,"showFlares":true,"showImageEffects":true,"showParticleSystems":true,"showVisualEffectGraphs":true,"m_FxEnabled":true},"in2DMode":false,"pivot":{"x":1.009121298789978,"y":-0.17354944348335267,"z":2.0365114212036135},"rotation":{"x":-0.35940271615982058,"y":-0.02883116714656353,"z":0.011109845712780953,"w":-0.9326762557029724},"size":3.8679826259613039,"orthographic":false}