{"cameraMode":{"drawMode":0,"name":"Shaded","section":"Shading Mode"},"sceneLighting":false,"audioPlay":false,"sceneViewState":{"m_AlwaysRefresh":false,"showFog":true,"showSkybox":true,"showFlares":true,"showImageEffects":true,"showParticleSystems":true,"showVisualEffectGraphs":true,"m_FxEnabled":true},"in2DMode":false,"pivot":{"x":-5.762304782867432,"y":0.6376675963401794,"z":-1.8346104621887208},"rotation":{"x":0.13954657316207887,"y":-0.22884829342365266,"z":0.033488236367702487,"w":0.9628830552101135},"size":0.8660253882408142,"orthographic":false}