{"cameraMode":{"drawMode":0,"name":"Shaded","section":"Shading Mode"},"sceneLighting":false,"audioPlay":false,"sceneViewState":{"m_AlwaysRefresh":false,"showFog":true,"showSkybox":true,"showFlares":true,"showImageEffects":true,"showParticleSystems":true,"showVisualEffectGraphs":true,"m_FxEnabled":true},"in2DMode":false,"pivot":{"x":-6.494593620300293,"y":-1.4274299144744874,"z":-0.4789161682128906},"rotation":{"x":0.026344185695052148,"y":0.40810102224349978,"z":0.012142469175159932,"w":-0.9127481579780579},"size":5.131534576416016,"orthographic":false}