{"cameraMode":{"drawMode":0,"name":"Shaded","section":"Shading Mode"},"sceneLighting":true,"audioPlay":false,"sceneViewState":{"m_AlwaysRefresh":false,"showFog":true,"showSkybox":true,"showFlares":true,"showImageEffects":true,"showParticleSystems":true,"showVisualEffectGraphs":true,"m_FxEnabled":true},"in2DMode":false,"pivot":{"x":-5.52899169921875,"y":2.5819756984710695,"z":0.17215697467327119},"rotation":{"x":0.0005096424138173461,"y":0.9945160746574402,"z":0.0015638135373592377,"w":0.1056755855679512},"size":0.8660259246826172,"orthographic":false}