{"cameraMode":{"drawMode":0,"name":"Shaded","section":"Shading Mode"},"sceneLighting":false,"audioPlay":false,"sceneViewState":{"m_AlwaysRefresh":false,"showFog":true,"showSkybox":true,"showFlares":true,"showImageEffects":true,"showParticleSystems":true,"showVisualEffectGraphs":true,"m_FxEnabled":true},"in2DMode":false,"pivot":{"x":3.711361885070801,"y":0.32123830914497378,"z":-1.6666315793991089},"rotation":{"x":-0.1927977055311203,"y":0.14161427319049836,"z":-0.027853896841406823,"w":-0.9708552360534668},"size":7.499059677124023,"orthographic":false}