{"cameraMode":{"drawMode":0,"name":"Shaded","section":"Shading Mode"},"sceneLighting":false,"audioPlay":false,"sceneViewState":{"m_AlwaysRefresh":false,"showFog":true,"showSkybox":true,"showFlares":true,"showImageEffects":true,"showParticleSystems":true,"showVisualEffectGraphs":true,"m_FxEnabled":true},"in2DMode":false,"pivot":{"x":2.3882877826690676,"y":1.0638400316238404,"z":2.0854156017303469},"rotation":{"x":0.030506417155265809,"y":0.5896669030189514,"z":-0.022320425137877466,"w":0.8067446947097778},"size":1.6038315296173096,"orthographic":false}