{"cameraMode":{"drawMode":0,"name":"Shaded","section":"Shading Mode"},"sceneLighting":false,"audioPlay":false,"sceneViewState":{"m_AlwaysRefresh":false,"showFog":true,"showSkybox":true,"showFlares":true,"showImageEffects":true,"showParticleSystems":true,"showVisualEffectGraphs":true,"m_FxEnabled":true},"in2DMode":false,"pivot":{"x":-3.230771780014038,"y":2.0725955963134767,"z":-9.551441192626954},"rotation":{"x":0.051305513828992847,"y":0.9221113324165344,"z":-0.36127713322639468,"w":0.12924350798130036},"size":1.0942668914794922,"orthographic":false}