{"cameraMode":{"drawMode":0,"name":"Shaded","section":"Shading Mode"},"sceneLighting":false,"audioPlay":false,"sceneViewState":{"m_AlwaysRefresh":false,"showFog":true,"showSkybox":true,"showFlares":true,"showImageEffects":true,"showParticleSystems":true,"showVisualEffectGraphs":true,"m_FxEnabled":true},"in2DMode":false,"pivot":{"x":-10.408452987670899,"y":16.406774520874025,"z":12.073508262634278},"rotation":{"x":0.09172991663217545,"y":0.8932598233222961,"z":-0.38565629720687868,"w":0.21321889758110047},"size":4.863387107849121,"orthographic":false}