{"cameraMode":{"drawMode":0,"name":"Shaded","section":"Shading Mode"},"sceneLighting":false,"audioPlay":false,"sceneViewState":{"m_AlwaysRefresh":false,"showFog":true,"showSkybox":true,"showFlares":true,"showImageEffects":true,"showParticleSystems":true,"showVisualEffectGraphs":true,"m_FxEnabled":true},"in2DMode":false,"pivot":{"x":-7.476609706878662,"y":-2.6877827644348146,"z":0.721688449382782},"rotation":{"x":-0.04666179046034813,"y":0.44703003764152529,"z":-0.022922100499272348,"w":-0.8932905197143555},"size":3.8595468997955324,"orthographic":false}